id,	firt_name,	last_name,	state,	gender,	created_at,	updated_at
555,Kirsti,Finey,Colorado,Female,4/13/2024,09/01/2023
556,Taite,Smalles,Wisconsin,Male,06/08/2023,03/12/2024
557,Padraig,Spurdle,Tennessee,Male,7/13/2023,6/14/2023
533,Carling,Parbrook,California,Male,11/24/2023,02/11/2024
677,Kean,Rashleigh,Iowa,Male,11/19/2023,09/08/2023
678,Tamas,Lowre,Utah,Female,5/15/2024,5/30/2024
679,Modesty,Lindemann,NewYork,Female,6/23/2023,3/13/2024
756,Jonis,Gadd,Wisconsin,Female,8/14/2023,6/13/2023
755,Willis,Gavigan,Florida,Male,6/15/2023,2/28/2024
766,Powell,Tuminini,Texas,Male,08/05/2023,8/13/2023
899,Brigid,Sedgemond,Illinois,Female,09/11/2023,09/10/2023
892,Anne-corinne,Gainsford,Texas,Female,2/28/2024,2/16/2024
894,Enos,Cardero,California,Male,	03/01/2024,2/17/2024
456,Ree	Filc,hagin,NewMexico,Female,12/17/2023,08/07/2023
345,Emilio,Rispen,Virginia,	Male,01/06/2024,3/26/2024
544,Lincoln,Finn,Texas,	Male,10/30/2023,05/06/2024
234,Phip,Henrique,Florida,Male,01/02/2024,05/09/2024
321,Pearle,Bouda,Nevada,Female,06/09/2023,7/14/2023
322,Lars,Bloodworth,Kentucky,Male,3/27/2024,6/21/2023
333,Keen,Frobisher,Arizona,	Male,06/12/2023,01/06/2024